{"mean":{"confidence_interval":{"confidence_level":0.95,"lower_bound":-0.10329395729735642,"upper_bound":-0.08202891208106777},"point_estimate":-0.09261066137312335,"standard_error":0.005424035527706388},"median":{"confidence_interval":{"confidence_level":0.95,"lower_bound":-0.0902256558988169,"upper_bound":-0.07605044392348444},"point_estimate":-0.08385480650271149,"standard_error":0.0033221626648551996}}