{"mean":{"confidence_interval":{"confidence_level":0.95,"lower_bound":0.25739734194054625,"upper_bound":0.26162206094675355},"point_estimate":0.25958453119536906,"standard_error":0.0010820467698527529},"median":{"confidence_interval":{"confidence_level":0.95,"lower_bound":0.25863868653953803,"upper_bound":0.2618004263779834},"point_estimate":0.26009134650256116,"standard_error":0.0007917059226893578}}