{"mean":{"confidence_interval":{"confidence_level":0.95,"lower_bound":-0.13139905415556724,"upper_bound":-0.12829467624406313},"point_estimate":-0.12989044331508048,"standard_error":0.0007953148524690417},"median":{"confidence_interval":{"confidence_level":0.95,"lower_bound":-0.129785508775496,"upper_bound":-0.12731030337379856},"point_estimate":-0.1284168501344739,"standard_error":0.0006320363958856981}}