{"mean":{"confidence_interval":{"confidence_level":0.95,"lower_bound":18.879806855891474,"upper_bound":18.982603072338968},"point_estimate":18.924198268060564,"standard_error":0.02648914967407743},"median":{"confidence_interval":{"confidence_level":0.95,"lower_bound":18.852679570055543,"upper_bound":18.887329643829815},"point_estimate":18.86413216365206,"standard_error":0.009642751540069676},"median_abs_dev":{"confidence_interval":{"confidence_level":0.95,"lower_bound":0.062299996219709115,"upper_bound":0.09911521385171075},"point_estimate":0.08144953701987734,"standard_error":0.009262257987654206},"slope":{"confidence_interval":{"confidence_level":0.95,"lower_bound":18.852048326925427,"upper_bound":18.88150257622478},"point_estimate":18.86643478098925,"standard_error":0.007505738007030089},"std_dev":{"confidence_interval":{"confidence_level":0.95,"lower_bound":0.11126128221058391,"upper_bound":0.4057496366350248},"point_estimate":0.2662378555727031,"standard_error":0.08076583851683304}}