{"mean":{"confidence_interval":{"confidence_level":0.95,"lower_bound":349.9176994914784,"upper_bound":353.14438719405064},"point_estimate":351.45214133362066,"standard_error":0.8272369191587046},"median":{"confidence_interval":{"confidence_level":0.95,"lower_bound":347.823081795989,"upper_bound":349.8470971369167},"point_estimate":348.9054126087708,"standard_error":0.45874007105916453},"median_abs_dev":{"confidence_interval":{"confidence_level":0.95,"lower_bound":2.972337275318738,"upper_bound":5.4239688864033315},"point_estimate":3.9283261575721764,"standard_error":0.6390644720694636},"slope":{"confidence_interval":{"confidence_level":0.95,"lower_bound":349.0218818920091,"upper_bound":352.77786722667236},"point_estimate":350.7942294795944,"standard_error":0.9652491900912099},"std_dev":{"confidence_interval":{"confidence_level":0.95,"lower_bound":6.167962985368364,"upper_bound":10.411103375675406},"point_estimate":8.337417212375522,"standard_error":1.0901010764799206}}