{"mean":{"confidence_interval":{"confidence_level":0.95,"lower_bound":-0.3307011583334186,"upper_bound":-0.273766116503732},"point_estimate":-0.30311177942132483,"standard_error":0.01452861283033891},"median":{"confidence_interval":{"confidence_level":0.95,"lower_bound":-0.33931951753344003,"upper_bound":-0.2328742136343266},"point_estimate":-0.26875168796098003,"standard_error":0.022275668548465664}}