{"mean":{"confidence_interval":{"confidence_level":0.95,"lower_bound":94.47893037355136,"upper_bound":94.70426597571247},"point_estimate":94.58463542899622,"standard_error":0.05773927239851829},"median":{"confidence_interval":{"confidence_level":0.95,"lower_bound":94.35569325698748,"upper_bound":94.55611738712648},"point_estimate":94.42811950183597,"standard_error":0.05038625017079455},"median_abs_dev":{"confidence_interval":{"confidence_level":0.95,"lower_bound":0.26747180332712467,"upper_bound":0.44618335828276967},"point_estimate":0.3440827008942053,"standard_error":0.04486682638058925},"slope":{"confidence_interval":{"confidence_level":0.95,"lower_bound":94.40863819396446,"upper_bound":94.62744538898922},"point_estimate":94.50896644952765,"standard_error":0.056263634446424536},"std_dev":{"confidence_interval":{"confidence_level":0.95,"lower_bound":0.39618232709386797,"upper_bound":0.7394443066331724},"point_estimate":0.5782329871716725,"standard_error":0.0876595183418251}}