{"mean":{"confidence_interval":{"confidence_level":0.95,"lower_bound":-0.023885995543613137,"upper_bound":0.011609300923124037},"point_estimate":-0.006112426067504062,"standard_error":0.009073830753157685},"median":{"confidence_interval":{"confidence_level":0.95,"lower_bound":0.007792156974591347,"upper_bound":0.03263870658892206},"point_estimate":0.02108938506665159,"standard_error":0.006048575302812638}}