{"mean":{"confidence_interval":{"confidence_level":0.95,"lower_bound":383.420715790765,"upper_bound":386.9207724957308},"point_estimate":385.10447109523744,"standard_error":0.8936891868034005},"median":{"confidence_interval":{"confidence_level":0.95,"lower_bound":380.8494825049964,"upper_bound":383.85276699029123},"point_estimate":382.05336863783464,"standard_error":0.768008735487199},"median_abs_dev":{"confidence_interval":{"confidence_level":0.95,"lower_bound":3.991091652379004,"upper_bound":7.102804521341224},"point_estimate":5.299319700578453,"standard_error":0.7715924580129766},"slope":{"confidence_interval":{"confidence_level":0.95,"lower_bound":382.281508015169,"upper_bound":385.01125886727283},"point_estimate":383.6116792107902,"standard_error":0.697221123996211},"std_dev":{"confidence_interval":{"confidence_level":0.95,"lower_bound":7.053665824958788,"upper_bound":10.582020458516237},"point_estimate":8.987367044648444,"standard_error":0.901235827897344}}