{"mean":{"confidence_interval":{"confidence_level":0.95,"lower_bound":-0.24813746656476512,"upper_bound":-0.2457392661271565},"point_estimate":-0.24688663017968926,"standard_error":0.0006127266663083404},"median":{"confidence_interval":{"confidence_level":0.95,"lower_bound":-0.24749991412814676,"upper_bound":-0.2453495535825433},"point_estimate":-0.24631165347171913,"standard_error":0.0005437392105413702}}