{"mean":{"confidence_interval":{"confidence_level":0.95,"lower_bound":-0.06045101007346993,"upper_bound":-0.043069418068948824},"point_estimate":-0.05189756171941551,"standard_error":0.004430616142721438},"median":{"confidence_interval":{"confidence_level":0.95,"lower_bound":-0.05927648000053187,"upper_bound":-0.04200885911102037},"point_estimate":-0.048268947337423374,"standard_error":0.004403627410520005}}