{"mean":{"confidence_interval":{"confidence_level":0.95,"lower_bound":0.043295250474258445,"upper_bound":0.08318115402828778},"point_estimate":0.06445175405588088,"standard_error":0.010207911286525212},"median":{"confidence_interval":{"confidence_level":0.95,"lower_bound":0.09122073338213377,"upper_bound":0.09601409408434436},"point_estimate":0.09323830221843066,"standard_error":0.0011021261452550766}}