{"mean":{"confidence_interval":{"confidence_level":0.95,"lower_bound":-0.02649800929042101,"upper_bound":-0.024157262586885442},"point_estimate":-0.025279999576486745,"standard_error":0.0005952647257946608},"median":{"confidence_interval":{"confidence_level":0.95,"lower_bound":-0.026458097715230222,"upper_bound":-0.023785268607331055},"point_estimate":-0.024651964595504783,"standard_error":0.0006487438951366536}}