{"mean":{"confidence_interval":{"confidence_level":0.95,"lower_bound":-0.03923011039786837,"upper_bound":-0.035410712986937605},"point_estimate":-0.03724148610913092,"standard_error":0.0009625381284817253},"median":{"confidence_interval":{"confidence_level":0.95,"lower_bound":-0.039135385271006906,"upper_bound":-0.036593054995650465},"point_estimate":-0.03791009749901353,"standard_error":0.0006753070916080432}}