{"mean":{"confidence_interval":{"confidence_level":0.95,"lower_bound":-0.021289988225356125,"upper_bound":-0.009921885556112175},"point_estimate":-0.01566464144693025,"standard_error":0.002880778805789234},"median":{"confidence_interval":{"confidence_level":0.95,"lower_bound":-0.023857443117776156,"upper_bound":-0.012862561780778648},"point_estimate":-0.01609746902366782,"standard_error":0.0029979706965714255}}