{"mean":{"confidence_interval":{"confidence_level":0.95,"lower_bound":448.56633170946526,"upper_bound":458.19005730440074},"point_estimate":453.18221972049554,"standard_error":2.4491952644738926},"median":{"confidence_interval":{"confidence_level":0.95,"lower_bound":445.23968312481554,"upper_bound":454.1243166699598},"point_estimate":449.22489866058334,"standard_error":1.9623395334576343},"median_abs_dev":{"confidence_interval":{"confidence_level":0.95,"lower_bound":11.971566538792914,"upper_bound":23.1667431275143},"point_estimate":17.115929176216945,"standard_error":2.9547753577068625},"slope":{"confidence_interval":{"confidence_level":0.95,"lower_bound":453.432778295893,"upper_bound":471.54034838180127},"point_estimate":462.5008911769978,"standard_error":4.629157859640346},"std_dev":{"confidence_interval":{"confidence_level":0.95,"lower_bound":18.823680741009603,"upper_bound":29.936012411184613},"point_estimate":24.462977069282843,"standard_error":2.860703590314593}}